<?xml version="1.0" encoding="UTF-8" standalone="no"?><project xmlns="http://www.netbeans.org/ns/project/1">
    <type>com.microchip.mplab.nbide.embedded.makeproject</type>
    <configuration>
        <data xmlns="http://www.netbeans.org/ns/make-project/1">
            <name>chipKIT-Bootloaders</name>
            <creation-uuid>09689537-3a50-4648-9f62-01072cc9cb13</creation-uuid>
            <make-project-type>0</make-project-type>
            <c-extensions>c</c-extensions>
            <cpp-extensions/>
            <header-extensions>h</header-extensions>
            <sourceEncoding>ISO-8859-1</sourceEncoding>
            <asminc-extensions/>
            <make-dep-projects/>
            <sourceRootList>
                <sourceRootElem>..</sourceRootElem>
            </sourceRootList>
            <confList>
                <confElem>
                    <name>MX1_EXAMPLE_UART</name>
                    <type>2</type>
                </confElem>
                <confElem>
                    <name>MX1_Cmod</name>
                    <type>2</type>
                </confElem>
                <confElem>
                    <name>DP32</name>
                    <type>2</type>
                </confElem>
                <confElem>
                    <name>MX2_MINI_USB</name>
                    <type>2</type>
                </confElem>
                <confElem>
                    <name>Uno32</name>
                    <type>2</type>
                </confElem>
                <confElem>
                    <name>MX3cK_128</name>
                    <type>2</type>
                </confElem>
                <confElem>
                    <name>MX3cK_512</name>
                    <type>2</type>
                </confElem>
                <confElem>
                    <name>uC32</name>
                    <type>2</type>
                </confElem>
                <confElem>
                    <name>MX4cK</name>
                    <type>2</type>
                </confElem>
                <confElem>
                    <name>MX4_UART</name>
                    <type>2</type>
                </confElem>
                <confElem>
                    <name>MX4_USB</name>
                    <type>2</type>
                </confElem>
                <confElem>
                    <name>MX4_SD_USB</name>
                    <type>2</type>
                </confElem>
                <confElem>
                    <name>UBW32_MX460</name>
                    <type>2</type>
                </confElem>
                <confElem>
                    <name>WF32</name>
                    <type>2</type>
                </confElem>
                <confElem>
                    <name>FG32</name>
                    <type>2</type>
                </confElem>
                <confElem>
                    <name>MAX32</name>
                    <type>2</type>
                </confElem>
                <confElem>
                    <name>MX7cK</name>
                    <type>2</type>
                </confElem>
                <confElem>
                    <name>MX7_UART</name>
                    <type>2</type>
                </confElem>
                <confElem>
                    <name>MX7_USB</name>
                    <type>2</type>
                </confElem>
                <confElem>
                    <name>MX7cK_USB_SPLIT_FLASH</name>
                    <type>2</type>
                </confElem>
                <confElem>
                    <name>UBW32_MX795</name>
                    <type>2</type>
                </confElem>
                <confElem>
                    <name>UDB32_PIM</name>
                    <type>2</type>
                </confElem>
                <confElem>
                    <name>UDB32_MX2_DIP</name>
                    <type>2</type>
                </confElem>
                <confElem>
                    <name>WF32z</name>
                    <type>2</type>
                </confElem>
                <confElem>
                    <name>WiFire</name>
                    <type>2</type>
                </confElem>
                <confElem>
                    <name>zUno</name>
                    <type>2</type>
                </confElem>
                <confElem>
                    <name>Pi</name>
                    <type>2</type>
                </confElem>
                <confElem>
                    <name>MfgWiFire</name>
                    <type>2</type>
                </confElem>
                <confElem>
                    <name>MfgWF32</name>
                    <type>2</type>
                </confElem>
                <confElem>
                    <name>LogicFire</name>
                    <type>2</type>
                </confElem>
                <confElem>
                    <name>WiFIRE_80MHz</name>
                    <type>2</type>
                </confElem>
                <confElem>
                    <name>WiFIRE_EF</name>
                    <type>2</type>
                </confElem>
                <confElem>
                    <name>OpenScope</name>
                    <type>2</type>
                </confElem>
                <confElem>
                    <name>uC32_350</name>
                    <type>2</type>
                </confElem>
                <confElem>
                    <name>WiFIRE_EF_252MHz</name>
                    <type>2</type>
                </confElem>
            </confList>
            <formatting>
                <project-formatting-style>false</project-formatting-style>
            </formatting>
        </data>
    </configuration>
</project>